root_real,root_imag
0.9999999999999976,-5.065392549852277e-16
2.0000000000000053,2.7010922481918056e-15
2.9999999999999964,-2.721144953873786e-15
