{
  "coeffs_high_to_low": [
    "(1+0j)",
    "(-6+0j)",
    "(11+0j)",
    "(-6+0j)"
  ],
  "roots": [
    "(0.9999999999999976-5.065392549852277e-16j)",
    "(2.0000000000000053+2.7010922481918056e-15j)",
    "(2.9999999999999964-2.721144953873786e-15j)"
  ],
  "clustered": [
    [
      "(0.9999999999999976-5.065392549852277e-16j)",
      1
    ],
    [
      "(2.0000000000000053+2.7010922481918056e-15j)",
      1
    ],
    [
      "(2.9999999999999964-2.721144953873786e-15j)",
      1
    ]
  ],
  "factors_C": [
    [
      "(0.9999999999999976-5.065392549852277e-16j)",
      1
    ],
    [
      "(2.0000000000000053+2.7010922481918056e-15j)",
      1
    ],
    [
      "(2.9999999999999964-2.721144953873786e-15j)",
      1
    ]
  ],
  "factors_R": [
    {
      "coeffs": [
        1.0,
        -0.9999999999999976
      ],
      "m": 1
    },
    {
      "coeffs": [
        1.0,
        -2.0000000000000053
      ],
      "m": 1
    },
    {
      "coeffs": [
        1.0,
        -2.9999999999999964
      ],
      "m": 1
    }
  ],
  "verify": {
    "coeff_rel_err": 5.20194780851933e-16,
    "residual_on_roots": 3.9256792261355145e-15
  },
  "synthetic_division": {
    "r": 1.0,
    "remainder": "0j",
    "table": [
      "(1+0j)",
      "(-5+0j)",
      "(6+0j)",
      "0j"
    ]
  }
}