name,n,mean,var,skew,kurtosis_excess,theory_mean,error_mean,theory_var,error_var,theory_skew,error_skew,theory_kurtosis_excess,error_kurtosis_excess
normal,20000,0.00505093502997792,1.0094830717841192,0.004191089154253887,-0.0036989985613327114,0.0,0.00505093502997792,1.0,0.009483071784119224,0.0,0.004191089154253887,0.0,-0.0036989985613327114
exponential,20000,0.6715428923866025,0.45426734737960583,1.9916614283044296,5.987305569465887,0.6666666666666666,0.004876225719935845,0.4444444444444444,0.009822902935161415,2.0,-0.008338571695570396,6.0,-0.01269443053411301
poisson,20000,3.0053,3.0240231111555578,0.5630759288244855,0.2689928283895693,3.0,0.005300000000000082,3.0,0.024023111155557775,0.5773502691896258,-0.014274340365140303,0.3333333333333333,-0.06434050494376403
